INSERT INTO `xinco_core_language` (`id`, `sign`, `designation`) VALUES (1, 'n/a', 'language.unknonw');
INSERT INTO `xinco_core_language` (`id`, `sign`, `designation`) VALUES (2, 'en', 'language.en');
INSERT INTO `xinco_core_language` (`id`, `sign`, `designation`) VALUES (3, 'de', 'language.de');
INSERT INTO `xinco_core_language` (`id`, `sign`, `designation`) VALUES (4, 'fr', 'language.fr');
INSERT INTO `xinco_core_language` (`id`, `sign`, `designation`) VALUES (5, 'it', 'language.it');
INSERT INTO `xinco_core_language` (`id`, `sign`, `designation`) VALUES (6, 'es', 'language.es');
INSERT INTO `xinco_core_language` (`id`, `sign`, `designation`) VALUES (7, 'ru', 'language.ru');
INSERT INTO `xinco_core_language` (`id`, `sign`, `designation`) VALUES (8, 'cz', 'language.cz');
INSERT INTO `xinco_core_language` (`id`, `sign`, `designation`) VALUES (9, 'nl', 'language.nl');
INSERT INTO `xinco_core_language` (`id`, `sign`, `designation`) VALUES (10, 'pl', 'language.pl');
INSERT INTO `xinco_core_language` (`id`, `sign`, `designation`) VALUES (11, 'pt', 'language.pt');
INSERT INTO `xinco_core_language` (`id`, `sign`, `designation`) VALUES (12, 'pt_BR', 'language.pt.BR');
INSERT INTO `xinco_core_language` (`id`, `sign`, `designation`) VALUES (13, 'zh_CN', 'language.zh.CN');
INSERT INTO `xinco_core_node` (`id`, `xinco_core_node_id`, `xinco_core_language_id`, `designation`, `status_number`) VALUES (1, NULL, 1, 'xincoRoot', 1);
INSERT INTO `xinco_core_node` (`id`, `xinco_core_node_id`, `xinco_core_language_id`, `designation`, `status_number`) VALUES (2, 1, 1, 'Trash', 1);
INSERT INTO `xinco_core_node` (`id`, `xinco_core_node_id`, `xinco_core_language_id`, `designation`, `status_number`) VALUES (3, 1, 1, 'Temp', 1);
INSERT INTO `xinco_core_node` (`id`, `xinco_core_node_id`, `xinco_core_language_id`, `designation`, `status_number`) VALUES (4, 1, 1, 'News', 1);
INSERT INTO `xinco_core_data_type` (`id`, `designation`, `description`) VALUES (1, 'general.data.type.file', 'general.data.type.file.description');
INSERT INTO `xinco_core_data_type` (`id`, `designation`, `description`) VALUES (2, 'general.data.type.text', 'general.data.type.text.description');
INSERT INTO `xinco_core_data_type` (`id`, `designation`, `description`) VALUES (3, 'general.data.type.URL', 'general.data.type.URL.description');
INSERT INTO `xinco_core_data_type` (`id`, `designation`, `description`) VALUES (4, 'general.data.type.contact', 'general.data.type.contact.description');
INSERT INTO `xinco_core_data` (`id`, `xinco_core_node_id`, `xinco_core_language_id`, `xinco_core_data_type_id`, `designation`, `status_number`) VALUES (1, 1, 2, 3, 'Apache License 2.0', 5);
INSERT INTO `xinco_core_data` (`id`, `xinco_core_node_id`, `xinco_core_language_id`, `xinco_core_data_type_id`, `designation`, `status_number`) VALUES (2, 1, 2, 3, 'xinco.org', 1);
INSERT INTO `xinco_core_group` (`id`, `designation`, `status_number`) VALUES (1, 'general.group.admin', 1);
INSERT INTO `xinco_core_group` (`id`, `designation`, `status_number`) VALUES (2, 'general.group.allusers', 1);
INSERT INTO `xinco_core_group` (`id`, `designation`, `status_number`) VALUES (3, 'general.group.public', 1);
INSERT INTO `xinco_core_user` (`id`, `username`, `userpassword`, `last_name`, `first_name`, `email`, `status_number`, `attempts`, `last_modified`) VALUES (1, 'admin', MD5('admin'), 'Administrator', 'Xinco', 'admin@xinco.org', 1, 0, now());
INSERT INTO `xinco_core_user` (`id`, `username`, `userpassword`, `last_name`, `first_name`, `email`, `status_number`, `attempts`, `last_modified`) VALUES (2, 'user', MD5('user'), 'User', 'Default', 'user@xinco.org', 1, 0, now());
INSERT INTO `xinco_core_user` (`id`, `username`, `userpassword`, `last_name`, `first_name`, `email`, `status_number`, `attempts`, `last_modified`) VALUES (3, 'bluecubs', MD5('system'), 'System', 'User', 'info@bluecubs.com', 1, 0, now());
INSERT INTO `xinco_core_ace` (`id`, `xinco_core_user_id`, `xinco_core_group_id`, `xinco_core_node_id`, `xinco_core_data_id`, `read_permission`, `write_permission`, `execute_permission`, `admin_permission`) VALUES (1, 1, NULL, 1, NULL, 1, 1, 1, 1);
INSERT INTO `xinco_core_ace` (`id`, `xinco_core_user_id`, `xinco_core_group_id`, `xinco_core_node_id`, `xinco_core_data_id`, `read_permission`, `write_permission`, `execute_permission`, `admin_permission`) VALUES (2, 1, NULL, 2, NULL, 1, 1, 1, 1);
INSERT INTO `xinco_core_ace` (`id`, `xinco_core_user_id`, `xinco_core_group_id`, `xinco_core_node_id`, `xinco_core_data_id`, `read_permission`, `write_permission`, `execute_permission`, `admin_permission`) VALUES (3, 1, NULL, 3, NULL, 1, 1, 1, 1);
INSERT INTO `xinco_core_ace` (`id`, `xinco_core_user_id`, `xinco_core_group_id`, `xinco_core_node_id`, `xinco_core_data_id`, `read_permission`, `write_permission`, `execute_permission`, `admin_permission`) VALUES (4, NULL, 1, 1, NULL, 1, 1, 1, 1);
INSERT INTO `xinco_core_ace` (`id`, `xinco_core_user_id`, `xinco_core_group_id`, `xinco_core_node_id`, `xinco_core_data_id`, `read_permission`, `write_permission`, `execute_permission`, `admin_permission`) VALUES (5, NULL, 1, 2, NULL, 1, 1, 1, 1);
INSERT INTO `xinco_core_ace` (`id`, `xinco_core_user_id`, `xinco_core_group_id`, `xinco_core_node_id`, `xinco_core_data_id`, `read_permission`, `write_permission`, `execute_permission`, `admin_permission`) VALUES (6, NULL, 1, 3, NULL, 1, 1, 1, 1);
INSERT INTO `xinco_core_ace` (`id`, `xinco_core_user_id`, `xinco_core_group_id`, `xinco_core_node_id`, `xinco_core_data_id`, `read_permission`, `write_permission`, `execute_permission`, `admin_permission`) VALUES (7, NULL, 2, 1, NULL, 1, 1, 1, 0);
INSERT INTO `xinco_core_ace` (`id`, `xinco_core_user_id`, `xinco_core_group_id`, `xinco_core_node_id`, `xinco_core_data_id`, `read_permission`, `write_permission`, `execute_permission`, `admin_permission`) VALUES (8, NULL, 2, 2, NULL, 1, 1, 1, 0);
INSERT INTO `xinco_core_ace` (`id`, `xinco_core_user_id`, `xinco_core_group_id`, `xinco_core_node_id`, `xinco_core_data_id`, `read_permission`, `write_permission`, `execute_permission`, `admin_permission`) VALUES (9, NULL, 2, 3, NULL, 1, 1, 1, 0);
INSERT INTO `xinco_core_ace` (`id`, `xinco_core_user_id`, `xinco_core_group_id`, `xinco_core_node_id`, `xinco_core_data_id`, `read_permission`, `write_permission`, `execute_permission`, `admin_permission`) VALUES (10, 1, NULL, NULL, 1, 1, 1, 1, 1);
INSERT INTO `xinco_core_ace` (`id`, `xinco_core_user_id`, `xinco_core_group_id`, `xinco_core_node_id`, `xinco_core_data_id`, `read_permission`, `write_permission`, `execute_permission`, `admin_permission`) VALUES (11, 1, NULL, NULL, 2, 1, 1, 1, 1);
INSERT INTO `xinco_core_ace` (`id`, `xinco_core_user_id`, `xinco_core_group_id`, `xinco_core_node_id`, `xinco_core_data_id`, `read_permission`, `write_permission`, `execute_permission`, `admin_permission`) VALUES (12, NULL, 1, NULL, 1, 1, 1, 1, 1);
INSERT INTO `xinco_core_ace` (`id`, `xinco_core_user_id`, `xinco_core_group_id`, `xinco_core_node_id`, `xinco_core_data_id`, `read_permission`, `write_permission`, `execute_permission`, `admin_permission`) VALUES (13, NULL, 1, NULL, 2, 1, 1, 1, 1);
INSERT INTO `xinco_core_ace` (`id`, `xinco_core_user_id`, `xinco_core_group_id`, `xinco_core_node_id`, `xinco_core_data_id`, `read_permission`, `write_permission`, `execute_permission`, `admin_permission`) VALUES (14, NULL, 2, NULL, 1, 1, 0, 0, 0);
INSERT INTO `xinco_core_ace` (`id`, `xinco_core_user_id`, `xinco_core_group_id`, `xinco_core_node_id`, `xinco_core_data_id`, `read_permission`, `write_permission`, `execute_permission`, `admin_permission`) VALUES (15, NULL, 2, NULL, 2, 1, 0, 0, 0);
INSERT INTO `xinco_core_ace` (`id`, `xinco_core_user_id`, `xinco_core_group_id`, `xinco_core_node_id`, `xinco_core_data_id`, `read_permission`, `write_permission`, `execute_permission`, `admin_permission`) VALUES (16, 1, NULL, 4, NULL, 1, 1, 1, 1);
INSERT INTO `xinco_core_ace` (`id`, `xinco_core_user_id`, `xinco_core_group_id`, `xinco_core_node_id`, `xinco_core_data_id`, `read_permission`, `write_permission`, `execute_permission`, `admin_permission`) VALUES (17, NULL, 1, 4, NULL, 1, 1, 1, 1);
INSERT INTO `xinco_core_ace` (`id`, `xinco_core_user_id`, `xinco_core_group_id`, `xinco_core_node_id`, `xinco_core_data_id`, `read_permission`, `write_permission`, `execute_permission`, `admin_permission`) VALUES (18, NULL, 2, 4, NULL, 1, 0, 0, 0);
INSERT INTO `xinco_core_ace` (`id`, `xinco_core_user_id`, `xinco_core_group_id`, `xinco_core_node_id`, `xinco_core_data_id`, `read_permission`, `write_permission`, `execute_permission`, `admin_permission`) VALUES (19, NULL, 3, 1, NULL, 1, 0, 0, 0);
INSERT INTO `xinco_core_ace` (`id`, `xinco_core_user_id`, `xinco_core_group_id`, `xinco_core_node_id`, `xinco_core_data_id`, `read_permission`, `write_permission`, `execute_permission`, `admin_permission`) VALUES (20, NULL, 3, 4, NULL, 1, 0, 0, 0);
INSERT INTO `xinco_core_ace` (`id`, `xinco_core_user_id`, `xinco_core_group_id`, `xinco_core_node_id`, `xinco_core_data_id`, `read_permission`, `write_permission`, `execute_permission`, `admin_permission`) VALUES (21, NULL, 3, NULL, 1, 1, 0, 0, 0);
INSERT INTO `xinco_core_ace` (`id`, `xinco_core_user_id`, `xinco_core_group_id`, `xinco_core_node_id`, `xinco_core_data_id`, `read_permission`, `write_permission`, `execute_permission`, `admin_permission`) VALUES (22, NULL, 3, NULL, 2, 1, 0, 0, 0);
INSERT INTO `xinco_core_user_has_xinco_core_group` (`xinco_core_user_id`, `xinco_core_group_id`, `status_number`) VALUES (1, 1, 1);
INSERT INTO `xinco_core_user_has_xinco_core_group` (`xinco_core_user_id`, `xinco_core_group_id`, `status_number`) VALUES (1, 2, 1);
INSERT INTO `xinco_core_user_has_xinco_core_group` (`xinco_core_user_id`, `xinco_core_group_id`, `status_number`) VALUES (2, 2, 1);
INSERT INTO `xinco_core_user_has_xinco_core_group` (`xinco_core_user_id`, `xinco_core_group_id`, `status_number`) VALUES (3, 2, 1);
INSERT INTO `xinco_add_attribute` (`xinco_core_data_id`, `attribute_id`, `attrib_int`, `attrib_unsignedint`, `attrib_double`, `attrib_varchar`, `attrib_text`, `attrib_datetime`) VALUES (2, 1, 0, 0, 0, 'http://www.xinco.org', '', now());
INSERT INTO `xinco_add_attribute` (`xinco_core_data_id`, `attribute_id`, `attrib_int`, `attrib_unsignedint`, `attrib_double`, `attrib_varchar`, `attrib_text`, `attrib_datetime`) VALUES (1, 1, 0, 0, 0, 'http://www.apache.org/licenses/LICENSE-2.0.html', '', now());
INSERT INTO `xinco_core_data_type_attribute` (`xinco_core_data_type_id`, `attribute_id`, `designation`, `data_type`, `attr_size`) VALUES (1, 1, 'general.filename', 'varchar', 255);
INSERT INTO `xinco_core_data_type_attribute` (`xinco_core_data_type_id`, `attribute_id`, `designation`, `data_type`, `attr_size`) VALUES (1, 2, 'general.size', 'unsignedint', 0);
INSERT INTO `xinco_core_data_type_attribute` (`xinco_core_data_type_id`, `attribute_id`, `designation`, `data_type`, `attr_size`) VALUES (1, 3, 'general.checksum', 'varchar', 255);
INSERT INTO `xinco_core_data_type_attribute` (`xinco_core_data_type_id`, `attribute_id`, `designation`, `data_type`, `attr_size`) VALUES (1, 4, 'general.revision.model', 'unsignedint', 0);
INSERT INTO `xinco_core_data_type_attribute` (`xinco_core_data_type_id`, `attribute_id`, `designation`, `data_type`, `attr_size`) VALUES (1, 5, 'general.archive.model', 'unsignedint', 0);
INSERT INTO `xinco_core_data_type_attribute` (`xinco_core_data_type_id`, `attribute_id`, `designation`, `data_type`, `attr_size`) VALUES (1, 6, 'general.archive.date', 'datetime', 0);
INSERT INTO `xinco_core_data_type_attribute` (`xinco_core_data_type_id`, `attribute_id`, `designation`, `data_type`, `attr_size`) VALUES (1, 7, 'general.archive.days', 'unsignedint', 0);
INSERT INTO `xinco_core_data_type_attribute` (`xinco_core_data_type_id`, `attribute_id`, `designation`, `data_type`, `attr_size`) VALUES (1, 8, 'general.archive.location', 'text', 0);
INSERT INTO `xinco_core_data_type_attribute` (`xinco_core_data_type_id`, `attribute_id`, `designation`, `data_type`, `attr_size`) VALUES (1, 9, 'general.description', 'varchar', 255);
INSERT INTO `xinco_core_data_type_attribute` (`xinco_core_data_type_id`, `attribute_id`, `designation`, `data_type`, `attr_size`) VALUES (1, 10, 'general.keyword_1', 'varchar', 255);
INSERT INTO `xinco_core_data_type_attribute` (`xinco_core_data_type_id`, `attribute_id`, `designation`, `data_type`, `attr_size`) VALUES (1, 11, 'general.keyword_2', 'varchar', 255);
INSERT INTO `xinco_core_data_type_attribute` (`xinco_core_data_type_id`, `attribute_id`, `designation`, `data_type`, `attr_size`) VALUES (1, 12, 'general.keyword_3', 'varchar', 255);
INSERT INTO `xinco_core_data_type_attribute` (`xinco_core_data_type_id`, `attribute_id`, `designation`, `data_type`, `attr_size`) VALUES (2, 1, 'general.data.type.text', 'text', 0);
INSERT INTO `xinco_core_data_type_attribute` (`xinco_core_data_type_id`, `attribute_id`, `designation`, `data_type`, `attr_size`) VALUES (3, 1, 'general.data.type.URL', 'varchar', 255);
INSERT INTO `xinco_core_data_type_attribute` (`xinco_core_data_type_id`, `attribute_id`, `designation`, `data_type`, `attr_size`) VALUES (4, 1, 'general.salutation', 'varchar', 255);
INSERT INTO `xinco_core_data_type_attribute` (`xinco_core_data_type_id`, `attribute_id`, `designation`, `data_type`, `attr_size`) VALUES (4, 2, 'general.name', 'varchar', 255);
INSERT INTO `xinco_core_data_type_attribute` (`xinco_core_data_type_id`, `attribute_id`, `designation`, `data_type`, `attr_size`) VALUES (4, 3, 'general.middle_name', 'varchar', 255);
INSERT INTO `xinco_core_data_type_attribute` (`xinco_core_data_type_id`, `attribute_id`, `designation`, `data_type`, `attr_size`) VALUES (4, 4, 'general.last_name', 'varchar', 255);
INSERT INTO `xinco_core_data_type_attribute` (`xinco_core_data_type_id`, `attribute_id`, `designation`, `data_type`, `attr_size`) VALUES (4, 5, 'general.name_affix', 'varchar', 255);
INSERT INTO `xinco_core_data_type_attribute` (`xinco_core_data_type_id`, `attribute_id`, `designation`, `data_type`, `attr_size`) VALUES (4, 6, 'general.phone_business', 'varchar', 255);
INSERT INTO `xinco_core_data_type_attribute` (`xinco_core_data_type_id`, `attribute_id`, `designation`, `data_type`, `attr_size`) VALUES (4, 7, 'general.phone_private', 'varchar', 255);
INSERT INTO `xinco_core_data_type_attribute` (`xinco_core_data_type_id`, `attribute_id`, `designation`, `data_type`, `attr_size`) VALUES (4, 8, 'general.phone_mobile', 'varchar', 255);
INSERT INTO `xinco_core_data_type_attribute` (`xinco_core_data_type_id`, `attribute_id`, `designation`, `data_type`, `attr_size`) VALUES (4, 9, 'general.fax', 'varchar', 255);
INSERT INTO `xinco_core_data_type_attribute` (`xinco_core_data_type_id`, `attribute_id`, `designation`, `data_type`, `attr_size`) VALUES (4, 10, 'general.email', 'varchar', 255);
INSERT INTO `xinco_core_data_type_attribute` (`xinco_core_data_type_id`, `attribute_id`, `designation`, `data_type`, `attr_size`) VALUES (4, 11, 'general.website', 'varchar', 255);
INSERT INTO `xinco_core_data_type_attribute` (`xinco_core_data_type_id`, `attribute_id`, `designation`, `data_type`, `attr_size`) VALUES (4, 12, 'general.steet_address', 'varchar', 255);
INSERT INTO `xinco_core_data_type_attribute` (`xinco_core_data_type_id`, `attribute_id`, `designation`, `data_type`, `attr_size`) VALUES (4, 13, 'general.postal_code', 'varchar', 255);
INSERT INTO `xinco_core_data_type_attribute` (`xinco_core_data_type_id`, `attribute_id`, `designation`, `data_type`, `attr_size`) VALUES (4, 14, 'general.city', 'varchar', 255);
INSERT INTO `xinco_core_data_type_attribute` (`xinco_core_data_type_id`, `attribute_id`, `designation`, `data_type`, `attr_size`) VALUES (4, 15, 'general.state_province', 'varchar', 255);
INSERT INTO `xinco_core_data_type_attribute` (`xinco_core_data_type_id`, `attribute_id`, `designation`, `data_type`, `attr_size`) VALUES (4, 16, 'general.country', 'varchar', 255);
INSERT INTO `xinco_core_data_type_attribute` (`xinco_core_data_type_id`, `attribute_id`, `designation`, `data_type`, `attr_size`) VALUES (4, 17, 'general.company_name', 'varchar', 255);
INSERT INTO `xinco_core_data_type_attribute` (`xinco_core_data_type_id`, `attribute_id`, `designation`, `data_type`, `attr_size`) VALUES (4, 18, 'general.position', 'varchar', 255);
INSERT INTO `xinco_core_data_type_attribute` (`xinco_core_data_type_id`, `attribute_id`, `designation`, `data_type`, `attr_size`) VALUES (4, 19, 'general.notes', 'text', 0);
INSERT INTO `xinco_core_log` (`id`, `xinco_core_data_id`, `xinco_core_user_id`, `op_code`, `op_datetime`, `op_description`, `version_high`, `version_mid`, `version_low`, `version_postfix`) VALUES (1, 1, 1, 1, now(), 'Creation!', 1, 0, 0, '');
INSERT INTO `xinco_core_log` (`id`, `xinco_core_data_id`, `xinco_core_user_id`, `op_code`, `op_datetime`, `op_description`, `version_high`, `version_mid`, `version_low`, `version_postfix`) VALUES (2, 2, 1, 1, now(), 'Creation!', 1, 0, 0, '');
INSERT INTO `xinco_setting` (`id`, `description`, `int_value`, `string_value`, `bool_value`, `long_value`) VALUES (5, 'password.aging', 120, NULL, 0, 0);
INSERT INTO `xinco_setting` (`id`, `description`, `int_value`, `string_value`, `bool_value`, `long_value`) VALUES (6, 'password.attempts', 3, NULL, 0, 0);
INSERT INTO `xinco_setting` (`id`, `description`, `int_value`, `string_value`, `bool_value`, `long_value`) VALUES (7, 'password.unusable_period', 365, NULL, 0, 0);
INSERT INTO `xinco_setting` (`id`, `description`, `int_value`, `string_value`, `bool_value`, `long_value`) VALUES (8, 'general.copyright.date', 0, '2004-2011', 0, 0);
INSERT INTO `xinco_setting` (`id`, `description`, `int_value`, `string_value`, `bool_value`, `long_value`) VALUES (9, 'setting.enable.savepassword', NULL, NULL, 0, 0);
INSERT INTO `xinco_setting` (`id`, `description`, `int_value`, `string_value`, `bool_value`, `long_value`) VALUES (10, 'system.password', NULL, 'system', 0, 0);
INSERT INTO `xinco_setting` (`id`, `description`, `int_value`, `string_value`, `bool_value`, `long_value`) VALUES (11, 'xinco/FileRepositoryPath', NULL, 'C:\\\\Temp\\\\xinco\\\\file_repository\\\\', 0, 0);
INSERT INTO `xinco_setting` (`id`, `description`, `int_value`, `string_value`, `bool_value`, `long_value`) VALUES (12, 'xinco/FileIndexPath', NULL, 'C:\\\\Temp\\\\xinco\\\\file_repository\\\\index\\\\', 0, 0);
INSERT INTO `xinco_setting` (`id`, `description`, `int_value`, `string_value`, `bool_value`, `long_value`) VALUES (13, 'xinco/FileArchivePath', NULL, 'C:\\\\Temp\\\\xinco\\\\file_repository\\\\archive\\\\', 0, 0);
INSERT INTO `xinco_setting` (`id`, `description`, `int_value`, `string_value`, `bool_value`, `long_value`) VALUES (14, 'xinco/FileArchivePeriod', NULL, NULL, 0, 14400000);
INSERT INTO `xinco_setting` (`id`, `description`, `int_value`, `string_value`, `bool_value`, `long_value`) VALUES (15, 'xinco/FileIndexer_1_Class', NULL, 'com.bluecubs.xinco.index.filetypes.XincoIndexAdobePDF', 0, 0);
INSERT INTO `xinco_setting` (`id`, `description`, `int_value`, `string_value`, `bool_value`, `long_value`) VALUES (16, 'xinco/FileIndexer_1_Ext', NULL, 'pdf', 0, 0);
INSERT INTO `xinco_setting` (`id`, `description`, `int_value`, `string_value`, `bool_value`, `long_value`) VALUES (17, 'xinco/FileIndexer_2_Class', NULL, 'com.bluecubs.xinco.index.filetypes.XincoIndexMicrosoftWord', 0, 0);
INSERT INTO `xinco_setting` (`id`, `description`, `int_value`, `string_value`, `bool_value`, `long_value`) VALUES (18, 'xinco/FileIndexer_2_Ext', NULL, 'doc', 0, 0);
INSERT INTO `xinco_setting` (`id`, `description`, `int_value`, `string_value`, `bool_value`, `long_value`) VALUES (19, 'xinco/FileIndexer_3_Class', NULL, 'com.bluecubs.xinco.index.filetypes.XincoIndexMicrosoftExcel', 0, 0);
INSERT INTO `xinco_setting` (`id`, `description`, `int_value`, `string_value`, `bool_value`, `long_value`) VALUES (20, 'xinco/FileIndexer_3_Ext', NULL, 'xls', 0, 0);
INSERT INTO `xinco_setting` (`id`, `description`, `int_value`, `string_value`, `bool_value`, `long_value`) VALUES (21, 'xinco/FileIndexer_4_Class', NULL, 'com.bluecubs.xinco.index.filetypes.XincoIndexMicrosoftPowerpoint', 0, 0);
INSERT INTO `xinco_setting` (`id`, `description`, `int_value`, `string_value`, `bool_value`, `long_value`) VALUES (22, 'xinco/FileIndexer_4_Ext', NULL, 'ppt', 0, 0);
INSERT INTO `xinco_setting` (`id`, `description`, `int_value`, `string_value`, `bool_value`, `long_value`) VALUES (23, 'xinco/FileIndexer_5_Class', NULL, 'com.bluecubs.xinco.index.filetypes.XincoIndexHTML', 0, 0);
INSERT INTO `xinco_setting` (`id`, `description`, `int_value`, `string_value`, `bool_value`, `long_value`) VALUES (24, 'xinco/FileIndexer_5_Ext', NULL, 'asp;htm;html;jsf;jsp;php;php3;php4', 0, 0);
INSERT INTO `xinco_setting` (`id`, `description`, `int_value`, `string_value`, `bool_value`, `long_value`) VALUES (25, 'xinco/IndexNoIndex', NULL, ';aac;ac3;ace;ade;adp;aif;aifc;aiff;amf;arc;arj;asx;au;avi;b64;bh;bmp;bz;bz2;cab;cda;chm;class;com;div;divx;ear;exe;far;fla;gif;gz;hlp;ico;;iso;jar;jpe;jpeg;jpg;lha;lzh;mda;mdb;mde;mdn;mdt;mdw;mid;midi;mim;mod;mov;mp1;mp2;mp2v;mp3;mp4;mpa;mpe;mpeg;mpg;mpg4;mpv2;msi;ntx;ocx;ogg;ogm;okt;pae;pcx;pk3;png;pot;ppa;pps;ppt;pwz;qwk;ra;ram;rar;raw;rep;rm;rmi;snd;swf;swt;tar;taz;tbz;tbz2;tgz;tif;tiff;uu;uue;vxd;war;wav;wbm;wbmp;wma;wmd;wmf;wmv;xpi;xxe;z;zip;zoo;;;', 0, 0);
INSERT INTO `xinco_setting` (`id`, `description`, `int_value`, `string_value`, `bool_value`, `long_value`) VALUES (26, 'xinco/MaxSearchResult', 100, NULL, 0, 0);
INSERT INTO `xinco_setting` (`id`, `description`, `int_value`, `string_value`, `bool_value`, `long_value`) VALUES (27, 'setting.email.host', NULL, 'smtp.bluecubs.com', 0, 0);
INSERT INTO `xinco_setting` (`id`, `description`, `int_value`, `string_value`, `bool_value`, `long_value`) VALUES (28, 'setting.email.user', NULL, 'info@bluecubs.com', 0, 0);
INSERT INTO `xinco_setting` (`id`, `description`, `int_value`, `string_value`, `bool_value`, `long_value`) VALUES (29, 'setting.email.password', NULL, 'password', 0, 0);
INSERT INTO `xinco_setting` (`id`, `description`, `int_value`, `string_value`, `bool_value`, `long_value`) VALUES (30, 'setting.email.port', 25, NULL, 0, 0);
INSERT INTO `xinco_setting` (`id`, `description`, `int_value`, `string_value`, `bool_value`, `long_value`) VALUES (31, 'setting.allowoutsidelinks', NULL, NULL, 1, 0);
INSERT INTO `xinco_setting` (`id`, `description`, `int_value`, `string_value`, `bool_value`, `long_value`) VALUES (32, 'setting.backup.path', NULL, 'C:\\\\Temp\\\\xinco\\\\backup\\\\', 0, 0);
INSERT INTO `xinco_setting` (`id`, `description`, `int_value`, `string_value`, `bool_value`, `long_value`) VALUES (33, 'xinco/FileIndexOptimizerPeriod', NULL, NULL, 0, 14400000);
INSERT INTO `xinco_setting` (`id`, `description`, `int_value`, `string_value`, `bool_value`, `long_value`) VALUES (34, 'setting.allowpublisherlist', NULL, NULL, 1, 0);
INSERT INTO `xinco_setting` (`id`, `description`, `int_value`, `string_value`, `bool_value`, `long_value`) VALUES (35, 'setting.guessLanguage', NULL, NULL, 0, 0);
INSERT INTO `xinco_setting` (`id`, `description`, `int_value`, `string_value`, `bool_value`, `long_value`) VALUES (36, 'setting.OOPort', 8100, NULL, 0, 0);
INSERT INTO `xinco_setting` (`id`, `description`, `int_value`, `string_value`, `bool_value`, `long_value`) VALUES (1, 'version.high', 3, NULL, 0, 0);
INSERT INTO `xinco_setting` (`id`, `description`, `int_value`, `string_value`, `bool_value`, `long_value`) VALUES (2, 'version.mid', 0, NULL, 0, 0);
INSERT INTO `xinco_setting` (`id`, `description`, `int_value`, `string_value`, `bool_value`, `long_value`) VALUES (3, 'version.low', 0, NULL, 0, 0);
INSERT INTO `xinco_setting` (`id`, `description`, `int_value`, `string_value`, `bool_value`, `long_value`) VALUES (4, 'version.postfix', '0', 'M4', '0', '0');
INSERT INTO `xinco_dependency_behavior` (`id`, `designation`, `description`) VALUES (1, 'dependency.behavior.one-way', 'dependency.behavior.one-way.desc');
INSERT INTO `xinco_dependency_behavior` (`id`, `designation`, `description`) VALUES (2, 'dependency.behavior.two-way', 'dependency.behavior.two-way.desc');
INSERT INTO `xinco_dependency_type` (`id`, `xinco_dependency_behavior_id`, `designation`, `description`) VALUES (1, 2, 'dependency.related', 'dependency.related.desc');
INSERT INTO `xinco_dependency_type` (`id`, `xinco_dependency_behavior_id`, `designation`, `description`) VALUES (2, 1, 'dependency.component', 'dependency.component.desc');
INSERT INTO `xinco_dependency_type` (`id`, `xinco_dependency_behavior_id`, `designation`, `description`) VALUES (3, 2, 'dependency.group', 'dependency.group.desc');
INSERT INTO `xinco_dependency_type` (`id`, `xinco_dependency_behavior_id`, `designation`, `description`) VALUES (4, 2, 'dependency.package', 'dependency.package.desc');
INSERT INTO `xinco_dependency_type` (`id`, `xinco_dependency_behavior_id`, `designation`, `description`) VALUES (5, 1, 'dependency.rendering', 'dependency.rendering.desc');
INSERT INTO `xinco_dependency_type` (`id`, `xinco_dependency_behavior_id`, `designation`, `description`) VALUES (6, 1, 'dependency.supporting', 'dependency.supporting.desc');
